{"resourceType": "Organization", "id": "040-PDXOrganizationProvider-US9718-bhargav-24", "meta": {"lastUpdated": "2023-10-10T14:03:42.758-05:00", "source": "#zTU5BOLKBe7ZObjY", "profile": ["http://bpd.bcbs.com/StructureDefinition/bpd-organization-provider-plan-submission"], "security": [{"system": "http://bpd.bcbs.com/approved/network", "code": "05C0"}, {"system": "http://bpd.bcbs.com/record-owner", "code": "040"}], "tag": [{"system": "http://bpd.bcbs.com/authorize/entity", "code": "LH001-02-OSA"}, {"system": "http://bpd.bcbs.com/data-quality", "code": "High"}, {"system": "http://bpd.bcbs.com/master-identifier/confidence/indicator", "code": "Medium"}, {"system": "http://bpd.bcbs.com/provider/contracted-provider", "code": "true", "userSelected": true}, {"system": "http://bpd.bcbs.com/provider/service-area-code", "code": "LH001-6-06~L"}, {"system": "http://bpd.bcbs.com/provider/terminated-provider", "code": "false", "userSelected": true}]}, "extension": [{"url": "http://bpd.bcbs.com/StructureDefinition/bdsubscription", "valueCodeableConcept": {"coding": [{"code": "unsubscribed", "display": "040-PDXLocationProvider-US9718-bhargav-24~282N00000X,282NC0060X,282NC2000X,282NR1301X,282NW0100X"}]}}, {"url": "http://bpd.bcbs.com/StructureDefinition/bdsubscription", "valueCodeableConcept": {"coding": [{"code": "subscribed", "display": "040-PDXLocationProvider-US9718-bhargav-24~282N00000X,282NC0060X,282NC2000X,282NR1301X,282NW0100X"}]}}], "identifier": [{"type": {"coding": [{"system": "http://bpd.bcbs.com/CodeSystem/BCBSIdentifierTypeCS", "code": "PRM", "display": "Provider Master Identifier"}]}, "system": "http://bpd.bcbs.com/Organization/MasterIdentifier", "value": "6800e44e-b0d0-949d-bf76-60283704c601"}, {"type": {"coding": [{"system": "http://terminology.hl7.org/CodeSystem/v2-0203", "code": "PRN", "display": "Provider number"}]}, "value": "0054N6"}, {"type": {"coding": [{"system": "http://terminology.hl7.org/CodeSystem/v2-0203", "code": "NPI", "display": "National provider identifier"}]}, "value": "1356806848"}, {"type": {"coding": [{"system": "http://terminology.hl7.org/CodeSystem/v2-0203", "code": "TAX", "display": "Tax ID number"}]}, "value": "887280778"}, {"type": {"coding": [{"system": "http://bpd.bcbs.com/CodeSystem/BCBSIdentifierTypeCS", "code": "CCN", "display": "CMS Certification Identifier"}]}, "value": "888888"}], "name": "Lighthouse Treatment Center", "telecom": [{"system": "phone", "value": "5555431000", "use": "work"}], "address": [{"use": "work", "line": ["1243.5 W. Pearl St"], "city": "Anaheim", "state": "CA", "postalCode": "92801", "country": "US"}]}