{"resourceType": "Location", "id": "040-PDXLocationProvider-US9718-bhargav-23", "meta": {"lastUpdated": "2023-10-06T09:41:29.257-05:00", "source": "#HUkgKnhvkfnxibVE", "profile": ["http://bpd.bcbs.com/StructureDefinition/bpd-location-provider-plan-submission"], "security": [{"system": "http://bpd.bcbs.com/approved/network", "code": "05C0"}, {"system": "http://bpd.bcbs.com/record-owner", "code": "040"}], "tag": [{"system": "http://bpd.bcbs.com/authorize/entity", "code": "LH001-02-OSA"}, {"system": "http://bpd.bcbs.com/data-quality", "code": "Low"}, {"system": "http://bpd.bcbs.com/master-identifier/confidence/indicator", "code": "High"}, {"system": "http://bpd.bcbs.com/provider/contracted-provider", "code": "true", "userSelected": true}, {"system": "http://bpd.bcbs.com/provider/mobile-provider", "code": "N"}, {"system": "http://bpd.bcbs.com/provider/remote-ancillary-provider", "code": "N"}, {"system": "http://bpd.bcbs.com/provider/service-area-code", "code": "LH001-6-06~L"}, {"system": "http://bpd.bcbs.com/provider/terminated-provider", "code": "false", "userSelected": true}]}, "extension": [{"url": "http://bpd.bcbs.com/StructureDefinition/servicearea", "valueCodeableConcept": {"coding": [{"system": "http://bpd.bcbs.com/CodeSystem/BCBSServiceAreaCS", "code": "L", "display": "Licensed"}]}}, {"url": "http://bpd.bcbs.com/StructureDefinition/bdsubscription", "valueCodeableConcept": {"coding": [{"code": "subscribed", "display": "040-PDXLocationProvider-US9718-bhargav-23~282N00000X,282NC0060X,282NC2000X,282NR1301X,282NW0100X"}]}}], "identifier": [{"type": {"coding": [{"system": "http://bpd.bcbs.com/CodeSystem/BCBSIdentifierTypeCS", "code": "PLM", "display": "Provider Location Master Identifier"}]}, "system": "http://bpd.bcbs.com/Location/MasterIdentifier", "value": "93709261-b5d7-4770-5d2f-dac512614614"}], "name": "PDXLocation-US9718-bhargav-23", "telecom": [{"system": "phone", "value": "5558472200", "use": "work"}], "address": {"use": "work", "line": ["1310 W. Pearl St"], "city": "Anaheim", "district": "06059", "state": "CA", "postalCode": "92801", "country": "US"}, "position": {"longitude": -117.930939, "latitude": 33.834236}}