{
    "column_mapping": [
      {
        "column_name": "id",
        "mapping_rule": {
          "reference_column": "id"
        },
        "column_type": "nonARRAY"
      },
      {
        "column_name": "resourceType",
        "mapping_rule": {
          "reference_column": "resourceType"	
        },
        "column_type": "nonARRAY"
      },
      {
        "column_name": "versionId",
        "mapping_rule": {
          "reference_column": "meta_versionId"
        },
        "column_type": "nonARRAY"
      },
      {
        "column_name": "rov_chrtc_cd",
        "mapping_rule": {
          "source_column": "type_coding_system",
          "match_value": "http://bpd.bcbs.com/CodeSystem/BCBSProviderCharacteristicsCS",
          "reference_column":"type_coding_code"
        },
        "column_type": "ARRAY"
      }
    ]
  }
  