{
    "column_mapping": [
      {
        "column_name": "id",
        "mapping_rule": {
          "reference_column": "id"
        },
        "column_type": "Nonarray"
      },
      {
        "column_name": "resourcetype",
        "mapping_rule": {
          "reference_column": "resourceType"	
        },
        "column_type": "Nonarray"
      },
      {
        "column_name": "versionid",
        "mapping_rule": {
          "reference_column": "meta_versionId"	
        },
        "column_type": "Nonarray"
      },
      {
        "column_name": "hours_of_operation_day",
        "mapping_rule": {
          "reference_column": "hoursOfOperation_daysOfWeek"	
        },
        "column_type": "array"
      },
      {
        "column_name": "city",
        "mapping_rule": {
          "reference_column": "address_city"	
        },
        "column_type": "Nonarray"
      },      
      {
        "column_name": "state_code",
        "mapping_rule": {
          "reference_column": "address_state"	
        },
        "column_type": "Nonarray"
      },
      {
        "column_name": "postal_code",
        "mapping_rule": {
          "reference_column": "address_postalCode"	
        },
        "column_type": "Nonarray"
      },
      {
        "column_name": "country_code",
        "mapping_rule": {
          "reference_column": "address_country"
        },
        "column_type": "Nonarray"
      },
      {
        "column_name": "address1",
        "mapping_rule": {
          "reference_column": "address_line"
        },
        "column_type": "array"
      },
      {
        "column_name": "PROVIDER_PHONE_NUMBER",
        "mapping_rule": {
          "source_column": "telecom_system",
          "match_value": "phone",
          "reference_column": "telecom_value"
        },
        "column_type": "array"
      },
      {
        "column_name": "PROVIDER_WEB_ADDRESS",
        "mapping_rule": {
          "source_column": "telecom_system",
          "match_value": "url",
          "reference_column": "telecom_value"
        },
        "column_type": "array"
      },
      {
        "column_name": "PROVIDER_FAX_NUMBER",
        "mapping_rule": {
          "source_column": "telecom_system",
          "match_value": "fax",
          "reference_column": "telecom_value"
        },
        "column_type": "array"
      },
      {
        "column_name": "PROVIDER_EMAIL_ADDRESS",
        "mapping_rule": {
          "source_column": "telecom_system",
          "match_value": "email",
          "reference_column": "telecom_value"
        },
        "column_type": "array"
      },
      {
        "column_name": "PROVIDER_PAGER_NUMBER",
        "mapping_rule": {
          "source_column": "telecom_system",
          "match_value": "pager",
          "reference_column": "telecom_value"
        },
        "column_type": "array"
      },
      {
        "column_name": "PROVIDER_SMS_MESSAGE",
        "mapping_rule": {
          "source_column": "telecom_system",
          "match_value": "sms",
          "reference_column": "telecom_value"
        },
        "column_type": "array"
      },
      {
        "column_name": "longitude",
        "mapping_rule": {
          "reference_column": "position_longitude"	
        },
        "column_type": "Nonarray"
      },
      {
        "column_name": "latitude",
        "mapping_rule": {
          "reference_column": "position_latitude"	
        },
        "column_type": "Nonarray"
      }
    ]
  }
  