{
  "column_mapping": [
    {
      "column_name": "id",
      "mapping_rule": {
        "reference_column": "id"
      },
      "column_type": "Nonarray"
    },
    {
      "column_name": "resourceType",
      "mapping_rule": {
        "reference_column": "resourceType"	
      },
      "column_type": "Nonarray"
    },
    {
      "column_name": "Version_id",
      "mapping_rule": {
        "reference_column": "meta_versionId"
      },
      "column_type": "Nonarray"
    },
    {
      "column_name": "Last_updated",
      "mapping_rule": {
        "reference_column": "meta_lastUpdated"
      },
      "column_type": "Nonarray"
    },
    {
      "column_name": "profile",
      "mapping_rule": {
        "reference_column": "meta_profile"
      },
      "column_type": "array"
    },
    {
      "column_name": "Network_code",
      "mapping_rule": {
        "reference_column": "identifier_value"
      },
      "column_type": "nonarray"
    }
  ]
}
