{
    "column_mapping": [
      {
        "column_name": "id",
        "mapping_rule": {
          "reference_column": "id"
        },
        "column_type": "nonarray"
      },
      {
        "column_name": "resourceType",
        "mapping_rule": {
          "reference_column": "resourceType"	
        },
        "column_type": "nonarray"
      },
      {
        "column_name": "versionId",
        "mapping_rule": {
          "reference_column": "meta_versionId"
        },
        "column_type": "nonarray"
      },
      {
        "column_name": "PRACTITIONER_LAST_UPDATE_DATE",
        "mapping_rule": {
          "reference_column": "meta_lastUpdated"
        },
        "column_type": "nonarray"
      },
      {
        "column_name": "GENDER",
        "mapping_rule": {
          "reference_column": "gender"
        },
        "column_type": "nonarray"
      },
      {
        "column_name": "LAST_NAME",
        "mapping_rule": {
          "reference_column": "name_family"
        },
        "column_type": "noarray"
      },
      {
        "column_name": "NAME_SUFFIX",
        "mapping_rule": {
          "reference_column": "name_suffix"
        },
        "column_type": "noarray"
      },
      {
        "column_name": "NAME_PREFIX",
        "mapping_rule": {
          "reference_column": "name_prefix"
        },
        "column_type": "nonarray"
      },
      {
        "column_name": "PROVIDER_TITLE",
        "mapping_rule": {
          "reference_column": "name_extension_valueString"
        },
        "column_type": "nonarray"
      },
      {
        "column_name": "PROV_INTRNSHP_FCLTY_NM_prac",
        "mapping_rule": {
          "source_column": "qualification_code_coding_code",
          "match_value": "INTERN",
          "reference_column": "qualification_issuer_reference"
        },
        "column_type": "array"
      },
      {
        "column_name": "PROV_MED_SCHL_NM_prac",
        "mapping_rule": {
          "source_column": "qualification_code_coding_code",
          "match_value": "MEDSCHL",
          "reference_column": "qualification_issuer_reference"
        },
        "column_type": "array"
      },
      {
        "column_name": "PROV_RSDNCY_FCLTY_NM_prac",
        "mapping_rule": {
          "source_column": "qualification_code_coding_code",
          "match_value": "RESIDEN",
          "reference_column": "qualification_issuer_reference"
        },
        "column_type": "array"
      }

    ]
  }
  